id,user_id,title,artist,year,genre,label,catalog_number,format,speed,size,condition,purchase_price,purchase_date,purchase_location,cover_image_url,identification_method,identification_confidence,musicbrainz_id,discogs_id,spotify_id,notes,rating,listening_count,last_played,created_at,updated_at,moods,ai_analysis,artist_mbids,tags,fingerprint,normalized_artist,normalized_title,country
080687c1-565c-451d-b259-0ecbf9a5e0c2,e0d28c90-b910-46e8-abed-ae32ba4fa977,Delicious Together,Betty Everett & Jerry Butler,1964,"[""7soul"",""Easy Listening"",""60s"",""Oldies"",""Duets""]",Vee Jay Records,VJLP 1099,LP,33⅓ RPM,"12""",Very Good (VG),,,,https://i.discogs.com/8bsHwAY3-bMrkubG9U8IBTbo_iDAUHMnGgeO0990js0/rs:fit/g:sm/q:90/h:600/w:600/czM6Ly9kaXNjb2dz/LWRhdGFiYXNlLWlt/YWdlcy9SLTM0MDY2/NjYtMTM1ODQ2Mjc1/NC05Njc1LmpwZWc.jpeg,discogs-search,,,3406666,,,,0,,2025-08-31 19:07:24.910593+00,2025-10-04 00:03:37.860829+00,"[""Upbeat"",""Nostalgic"",""Comfort""]","{""reasoning"":""Classic soul duets are generally upbeat and evoke a sense of nostalgia. The smooth harmonies and romantic themes provide a comforting listening experience."",""timestamp"":""2025-09-13T17:54:19.182Z"",""confidence"":0.8,""suggestedMoods"":[""Upbeat"",""Nostalgic"",""Comfort""]}",,"[""7soul"",""Easy Listening"",""60s"",""Oldies"",""Duets"",""Upbeat"",""Nostalgic"",""Comfort""]",betty everett  jerry butler::delicious together,betty everett  jerry butler,delicious together,
0ae1d52b-f589-4608-ab4d-1c5e45ed1d6e,e0d28c90-b910-46e8-abed-ae32ba4fa977,1967-1970,The Beatles,1973,"[""Classic Rock"",""60s"",""Rock"",""The Beatles"",""British"",""Pop""]",Apple Records,SKBO 3404,LP,33⅓ RPM,"12""",Very Good (VG),,,,https://i.discogs.com/x8y7G1kmPCA6NIJE8AGw9drO5olcNP7nJSxuf4l3lHo/rs:fit/g:sm/q:90/h:600/w:600/czM6Ly9kaXNjb2dz/LWRhdGFiYXNlLWlt/YWdlcy9SLTEyOTQ0/MDQtMTI0ODQ2MTEw/NS5qcGVn.jpeg,discogs-search,,,1294404,,,,0,,2025-09-12 19:00:21.950116+00,2025-10-04 00:02:35.990513+00,"[""Nostalgic"",""Upbeat"",""Comfort""]","{""reasoning"":""A collection of classic Beatles songs, evoking a strong sense of nostalgia and comfort. Many tracks are upbeat and joyful."",""timestamp"":""2025-09-13T01:33:01.743Z"",""confidence"":0.8,""suggestedMoods"":[""Nostalgic"",""Upbeat"",""Comfort""]}",,"[""Classic Rock"",""60s"",""Rock"",""The Beatles"",""British"",""Pop"",""Nostalgic"",""Upbeat"",""Comfort""]",the beatles::19671970,the beatles,19671970,
0eaad631-0442-47e0-8b8d-3217e5da3e31,e0d28c90-b910-46e8-abed-ae32ba4fa977,Introduction,Witch,2020,"[""Zamrock"",""Rock"",""Psychedelic Rock"",""Stoner Rock"",""World Fusion""]",Now-Again Records,NA5103,LP,33⅓ RPM,"12""",Very Good (VG),,,,https://i.discogs.com/N0vfqnK4MP8HTbOEmD-94PLy2MSeB-wi82a3epAWVMg/rs:fit/g:sm/q:90/h:605/w:600/czM6Ly9kaXNjb2dz/LWRhdGFiYXNlLWlt/YWdlcy9SLTE1OTUz/ODMyLTE2MDA4NDI5/MzYtOTY0NS5qcGVn.jpeg,discogs-search,,,15953832,,,,0,,2025-10-04 01:45:50.632454+00,2025-10-04 02:03:43.839528+00,[],,,"[""Zamrock"",""Rock"",""Psychedelic Rock"",""Stoner Rock"",""World Fusion""]",witch::introduction,witch,introduction,
11c70b97-d216-44f3-8d9b-40f1c6017a56,e0d28c90-b910-46e8-abed-ae32ba4fa977,Ars Moriendi,The Collection,2016,"[""Completely Lovely And Beautiful"",""Folk"",""Alternative"",""Usa"",""Christian"",""Rock"",""Pop""]",Burnt Toast Vinyl,btv105,LP,33⅓ RPM,"12""",Very Good (VG),,,,https://i.discogs.com/mAUeoNKi9VtiwXDlktGKBNoTH9HDeX7OFDfKWIzjikw/rs:fit/g:sm/q:90/h:615/w:600/czM6Ly9kaXNjb2dz/LWRhdGFiYXNlLWlt/YWdlcy9SLTgwODI0/MzYtMTQ1NDgxOTQ5/OC0zMzczLmpwZWc.jpeg,api-enrichment,,,8082436,,,,0,,2025-09-12 18:51:19.741964+00,2025-10-04 00:02:33.494914+00,"[""Melancholic"",""Dreamy"",""Late Night""]","{""reasoning"":""Indie rock with a melancholic and dreamy atmosphere, suitable for late-night listening."",""timestamp"":""2025-09-13T01:33:05.066Z"",""confidence"":0.8,""suggestedMoods"":[""Melancholic"",""Dreamy"",""Late Night""]}",,"[""Completely Lovely And Beautiful"",""Folk"",""Alternative"",""Usa"",""Christian"",""Rock"",""Pop"",""Melancholic"",""Dreamy"",""Late Night""]",the collection::ars moriendi,the collection,ars moriendi,
1485427c-4768-42bf-add9-63966cec8ba6,e0d28c90-b910-46e8-abed-ae32ba4fa977,Flash Gordon (Original Soundtrack Music),Queen,2011,"[""Soundtrack"",""Rock"",""Classic Rock"",""80s"",""Hard Rock""]",Hollywood Records,D000436501,LP,33⅓ RPM,"12""",Very Good (VG),,,,https://i.discogs.com/XbrsB3ZX3kgpdsEKoxK-iLjZH8Y86GawlFGqB3urZSg/rs:fit/g:sm/q:90/h:550/w:550/czM6Ly9kaXNjb2dz/LWRhdGFiYXNlLWlt/YWdlcy9SLTM3ODA4/NjAtMTQxNjQwNTM2/MC0xODM1LmpwZWc.jpeg,discogs-search,,,3780860,,,,0,,2025-09-12 19:00:04.886389+00,2025-10-04 00:02:46.307535+00,"[""Energetic"",""Upbeat"",""Road Trip""]","{""reasoning"":""A bombastic and theatrical soundtrack, full of energy and perfect for a road trip or an upbeat listening experience."",""timestamp"":""2025-09-13T01:33:01.904Z"",""confidence"":0.8,""suggestedMoods"":[""Energetic"",""Upbeat"",""Road Trip""]}",,"[""Soundtrack"",""Rock"",""Classic Rock"",""80s"",""Hard Rock"",""Energetic"",""Upbeat"",""Road Trip""]",queen::flash gordon original soundtrack music,queen,flash gordon original soundtrack music,
15198f2d-346d-4e12-8136-bb34048f3add,e0d28c90-b910-46e8-abed-ae32ba4fa977,A Child's Garden Of Verses And Other Stories For Children,Frances Archer And Beverly Gile,1968,[],Disneyland,DQ-1241,LP,33⅓ RPM,"12""",Very Good (VG),,,,https://i.discogs.com/TgRo0jdvt7Tu5grFZvCCmhvg2nYfetcLDjvS3qO17hk/rs:fit/g:sm/q:90/h:530/w:524/czM6Ly9kaXNjb2dz/LWRhdGFiYXNlLWlt/YWdlcy9SLTE5MDQ2/OTktMTM1ODg2NzM4/NS01NjgzLmpwZWc.jpeg,discogs-search,,,1904699,,,,0,,2025-09-01 13:37:11.452496+00,2025-09-21 03:21:19.953595+00,"[""Comfort"",""Nostalgic"",""Sunday Morning""]","{""reasoning"":""Children's stories and poems, evoking a sense of comfort and nostalgia, perfect for a relaxing Sunday morning."",""timestamp"":""2025-09-13T01:33:07.331Z"",""confidence"":0.8,""suggestedMoods"":[""Comfort"",""Nostalgic"",""Sunday Morning""]}",,"[""Comfort"",""Nostalgic"",""Sunday Morning""]",frances archer and beverly gile::a childs garden of verses and other stories for children,frances archer and beverly gile,a childs garden of verses and other stories for children,
16bd431d-8a1a-427b-8c74-5189ffcbdd76,e0d28c90-b910-46e8-abed-ae32ba4fa977,Desolation Boulevard,The Sweet,1975,"[""Rock""]",Capitol Records,ST 11395,LP,33⅓ RPM,"12""",Very Good (VG),,,,https://i.discogs.com/VUlAKyyRHWowpbYlVQIXHR3nDd_S7QzeX0hOp10_Q-g/rs:fit/g:sm/q:90/h:599/w:600/czM6Ly9kaXNjb2dz/LWRhdGFiYXNlLWlt/YWdlcy9SLTQ2MDMz/MDYtMTY5NTQwMzE3/NS0xNTM2LmpwZWc.jpeg,discogs-search,,,4603306,,,,0,,2025-09-29 12:45:47.528993+00,2025-09-29 12:45:47.528993+00,[],,,"[""Rock""]",the sweet::desolation boulevard,the sweet,desolation boulevard,
18d4975a-ec80-4edf-9841-05cd7b3f9a10,e0d28c90-b910-46e8-abed-ae32ba4fa977,Kingfish,Kingfish,1976,"[""Rock""]",Round Records,RX-108,LP,33⅓ RPM,"12""",Very Good (VG),,,,https://i.discogs.com/l8Z7tMTlP_BLkZd0ceAy034sGgMfq5xbTK3WhxrX1wk/rs:fit/g:sm/q:90/h:576/w:576/czM6Ly9kaXNjb2dz/LWRhdGFiYXNlLWlt/YWdlcy9SLTE1OTU1/MTMtMTUwNTc2OTYz/NC00NTQ2LmpwZWc.jpeg,discogs-search,,,1595513,,,,0,,2025-09-01 13:38:27.092245+00,2025-09-21 03:21:19.953595+00,"[""Energetic"",""Road Trip"",""Raw""]","{""reasoning"":""Blues rock with a raw and energetic sound, suitable for a road trip."",""timestamp"":""2025-09-13T01:33:06.807Z"",""confidence"":0.8,""suggestedMoods"":[""Energetic"",""Road Trip"",""Raw""]}",,"[""Rock"",""Energetic"",""Road Trip"",""Raw""]",kingfish::kingfish,kingfish,kingfish,
1aa50c71-10fc-41a8-876b-672c6866a0ef,e0d28c90-b910-46e8-abed-ae32ba4fa977,A Twist In The Myth,Blind Guardian,2023,"[""Power Metal"",""Progressive Metal"",""Heavy Metal"",""Metal"",""Epic Metal"",""Rock""]",Nuclear Blast Records,NBR 28213,LP,33⅓ RPM,"12""",Very Good (VG),,,,https://i.discogs.com/M7nBTFb_226bHOp3k5_6eCuxYEiK72d-earsCt_r5p4/rs:fit/g:sm/q:90/h:595/w:600/czM6Ly9kaXNjb2dz/LWRhdGFiYXNlLWlt/YWdlcy9SLTI5NDMy/NDAxLTE3MTg4MjA3/NzktNTQzOC5qcGVn.jpeg,discogs-search,,,29432401,,,,0,,2025-09-12 18:54:34.516286+00,2025-10-04 00:03:33.997699+00,"[""Energetic"",""Road Trip"",""Late Night""]","{""reasoning"":""Power metal with high energy and fantasy themes, suitable for a road trip or late-night listening."",""timestamp"":""2025-09-13T01:33:03.975Z"",""confidence"":0.8,""suggestedMoods"":[""Energetic"",""Road Trip"",""Late Night""]}",,"[""Power Metal"",""Progressive Metal"",""Heavy Metal"",""Metal"",""Epic Metal"",""Rock"",""Energetic"",""Road Trip"",""Late Night""]",blind guardian::a twist in the myth,blind guardian,a twist in the myth,
1d6b1659-a25c-47dc-89dd-7a07309430a8,e0d28c90-b910-46e8-abed-ae32ba4fa977,Into The Purple Valley,Ry Cooder,1972,"[""Blues Rock"",""Literate"",""Rollicking"",""Earnest"",""Blues""]",Reprise Records,MS 2052,LP,33⅓ RPM,"12""",Very Good (VG),,,,https://i.discogs.com/whnPJh97p4HvWmLIgn44S_8RZLNjQ0yjgVuondxPe1w/rs:fit/g:sm/q:90/h:578/w:590/czM6Ly9kaXNjb2dz/LWRhdGFiYXNlLWlt/YWdlcy9SLTIxMjU2/NjgtMTI2NTQyMDMy/NC5qcGVn.jpeg,discogs-search,,,2125668,,,,0,,2025-09-12 18:59:15.438692+00,2025-10-04 00:02:41.275537+00,"[""Chill"",""Nostalgic"",""Sunday Morning""]","{""reasoning"":""Laid-back blues with a nostalgic feel, perfect for a chill Sunday morning."",""timestamp"":""2025-09-13T01:33:02.340Z"",""confidence"":0.8,""suggestedMoods"":[""Chill"",""Nostalgic"",""Sunday Morning""]}",,"[""Blues Rock"",""Literate"",""Rollicking"",""Earnest"",""Blues"",""Chill"",""Nostalgic"",""Sunday Morning""]",ry cooder::into the purple valley,ry cooder,into the purple valley,
1e343ce3-5574-4b18-bbed-1136802eda5f,e0d28c90-b910-46e8-abed-ae32ba4fa977,On A Misty Night,John Coltrane,1978,"[""Jazz"",""Free Jazz"",""Sentimental"",""Saxophone"",""Gimme Sum Friends""]",Prestige,P 24084,LP,33⅓ RPM,"12""",Very Good (VG),,,,https://i.discogs.com/WHi4BGWPHaX5wmudsLrzi4OON0eQXxxubLIhjBvr17k/rs:fit/g:sm/q:90/h:604/w:600/czM6Ly9kaXNjb2dz/LWRhdGFiYXNlLWlt/YWdlcy9SLTI4Njk5/MTYtMTU2MjUwNDEx/Mi0zMjI1LmpwZWc.jpeg,discogs-search,,,2869916,,,,0,,2025-09-12 18:49:53.147188+00,2025-10-04 00:02:58.980201+00,"[""Chill"",""Late Night"",""Dreamy""]","{""reasoning"":""Smooth and atmospheric jazz, perfect for a chill late-night listening session or a dreamy mood."",""timestamp"":""2025-09-13T01:33:05.204Z"",""confidence"":0.8,""suggestedMoods"":[""Chill"",""Late Night"",""Dreamy""]}",,"[""Jazz"",""Free Jazz"",""Sentimental"",""Saxophone"",""Gimme Sum Friends"",""Chill"",""Late Night"",""Dreamy""]",john coltrane::on a misty night,john coltrane,on a misty night,
22d0196b-ffe6-4ee7-8f77-f9d31ff42012,e0d28c90-b910-46e8-abed-ae32ba4fa977,Still Waters Run Deep,Four Tops,1970,"[""Pop""]",Motown,MS-704,LP,33⅓ RPM,"12""",Very Good (VG),,,,https://i.discogs.com/wp_wDn3yQrR6_qwd91F23tre9wFMvPBtos-9653PCAo/rs:fit/g:sm/q:90/h:503/w:503/czM6Ly9kaXNjb2dz/LWRhdGFiYXNlLWlt/YWdlcy9SLTk5ODM2/NS0xMjYwNjMyNzg0/LmpwZWc.jpeg,discogs-search,,,998365,,,,0,,2025-09-01 21:23:37.686599+00,2025-09-21 03:21:19.953595+00,"[""Upbeat"",""Comfort"",""Nostalgic""]","{""reasoning"":""Classic Motown soul with an upbeat and comforting feel, evoking a sense of nostalgia."",""timestamp"":""2025-09-13T01:33:06.401Z"",""confidence"":0.8,""suggestedMoods"":[""Upbeat"",""Comfort"",""Nostalgic""]}",,"[""Pop"",""Upbeat"",""Comfort"",""Nostalgic""]",four tops::still waters run deep,four tops,still waters run deep,
289f7d60-585b-4ca5-b8aa-1c348cf0252c,e0d28c90-b910-46e8-abed-ae32ba4fa977,Machine Head,Deep Purple,1972,"[""Hard Rock"",""Classic Rock"",""Rock"",""70s"",""Deep Purple""]",Warner Bros. Records,BS 2607,LP,33⅓ RPM,"12""",Very Good (VG),,,,https://i.discogs.com/CTYYJJGd23_zPT4AVwxXinTmllqYm7eTREF4X3CnPec/rs:fit/g:sm/q:90/h:600/w:596/czM6Ly9kaXNjb2dz/LWRhdGFiYXNlLWlt/YWdlcy9SLTM5NDM4/Ni0xNDEyNzk0Nzcx/LTcyOTUuanBlZw.jpeg,discogs-search,,,394386,,,,0,,2025-09-12 18:58:43.065599+00,2025-10-04 00:03:28.903258+00,"[""Energetic"",""Road Trip"",""Raw""]","{""reasoning"":""Classic hard rock album with iconic riffs and high energy, perfect for a road trip or a raw listening experience."",""timestamp"":""2025-09-13T01:33:02.611Z"",""confidence"":0.8,""suggestedMoods"":[""Energetic"",""Road Trip"",""Raw""]}",,"[""Hard Rock"",""Classic Rock"",""Rock"",""70s"",""Deep Purple"",""Energetic"",""Road Trip"",""Raw""]",deep purple::machine head,deep purple,machine head,
2fd83ca2-9df9-40c0-8ead-3fc01ee725af,e0d28c90-b910-46e8-abed-ae32ba4fa977,Anthem Of The Peaceful Army,Greta Van Fleet,2018,"[""Importado_do_spotify"",""Hard Rock"",""Rock"",""Blues Rock"",""Love""]",Lava,00602567949756,LP,33⅓ RPM,"12""",Very Good (VG),,,,https://i.discogs.com/zsSxmOqCpl0my994dAPz1BuckVvgIhd-CnorQ_1IDxI/rs:fit/g:sm/q:90/h:596/w:600/czM6Ly9kaXNjb2dz/LWRhdGFiYXNlLWlt/YWdlcy9SLTEyNjg5/NzM5LTE1NDMzMjk2/MTMtMTE3Mi5qcGVn.jpeg,discogs-search,,,12689739,,,,0,,2025-09-12 18:49:06.419955+00,2025-10-04 00:03:11.035258+00,"[""Energetic"",""Road Trip"",""Raw""]","{""reasoning"":""Classic rock revival with a raw and energetic sound, suitable for a road trip."",""timestamp"":""2025-09-13T01:33:05.611Z"",""confidence"":0.8,""suggestedMoods"":[""Energetic"",""Road Trip"",""Raw""]}",,"[""Importado_do_spotify"",""Hard Rock"",""Rock"",""Blues Rock"",""Love"",""Energetic"",""Road Trip"",""Raw""]",greta van fleet::anthem of the peaceful army,greta van fleet,anthem of the peaceful army,
31c7d9ff-37f8-4eb7-8a92-eec6a6d1884e,e0d28c90-b910-46e8-abed-ae32ba4fa977,"100 Days, 100 Nights",Sharon Jones & The Dap Kings,2007,[],Daptone Records,DAP-012,LP,33⅓ RPM,"12""",Very Good (VG),,,,https://i.discogs.com/I_vEUEXMXSGlm_N1fcVEOo6m0WxZcSplTXiKvvvnDI0/rs:fit/g:sm/q:90/h:597/w:600/czM6Ly9kaXNjb2dz/LWRhdGFiYXNlLWlt/YWdlcy9SLTExMDQ3/OTYtMTMxOTc5MTcy/OS5qcGVn.jpeg,discogs-search,,,1104796,,,,0,,2025-10-04 01:51:00.437815+00,2025-10-04 01:51:00.437815+00,[],,,[],sharon jones  the dap kings::100 days 100 nights,sharon jones  the dap kings,100 days 100 nights,
340e06a1-c8e0-4bb2-8953-1f4564f5d802,e0d28c90-b910-46e8-abed-ae32ba4fa977,Aerosmith,Aerosmith,1975,"[""Classic Rock"",""Hard Rock"",""Rock"",""70s"",""Aerosmith""]",Columbia,PC 32005,LP,33⅓ RPM,"12""",Very Good (VG),,,,https://i.discogs.com/VlFrATx7WqmoE8FkAqyvcPoF7LHGzbnya-064sgZ5zs/rs:fit/g:sm/q:90/h:600/w:589/czM6Ly9kaXNjb2dz/LWRhdGFiYXNlLWlt/YWdlcy9SLTEyNTY1/MzAtMTI3NjA1NjI5/OC5qcGVn.jpeg,discogs-search,,,1256530,,,,0,,2025-09-01 21:25:34.327617+00,2025-10-04 00:03:39.203752+00,"[""Energetic"",""Raw"",""Party""]","{""reasoning"":""Early Aerosmith with a raw and energetic sound, perfect for a party."",""timestamp"":""2025-09-13T01:33:05.727Z"",""confidence"":0.8,""suggestedMoods"":[""Energetic"",""Raw"",""Party""]}",,"[""Classic Rock"",""Hard Rock"",""Rock"",""70s"",""Aerosmith"",""Energetic"",""Raw"",""Party""]",aerosmith::aerosmith,aerosmith,aerosmith,
38287cbe-442e-4b01-932e-e15a1c00cf2f,e0d28c90-b910-46e8-abed-ae32ba4fa977,Yesshows,Yes,1980,"[""Progressive Rock"",""Classic Rock"",""Yes"",""Rock"",""Epic""]",Atlantic,SD 2-510,LP,33⅓ RPM,"12""",Very Good (VG),,,,https://i.discogs.com/szOK9diiwdHMeLDS4sb2HIuX4frwCqNxh6qEjeQSRss/rs:fit/g:sm/q:90/h:605/w:600/czM6Ly9kaXNjb2dz/LWRhdGFiYXNlLWlt/YWdlcy9SLTExNzky/MDYtMTQ5NDc3MjQ4/My01NTE2LmpwZWc.jpeg,api-enrichment,,,1179206,,,,0,,2025-09-12 19:02:55.703288+00,2025-10-04 00:02:22.171854+00,"[""Energetic"",""Road Trip"",""Upbeat""]","{""reasoning"":""A live album showcasing Yes's energetic performances and complex arrangements, perfect for a road trip or an upbeat listening experience."",""timestamp"":""2025-09-13T01:33:00.990Z"",""confidence"":0.8,""suggestedMoods"":[""Energetic"",""Road Trip"",""Upbeat""]}",,"[""Progressive Rock"",""Classic Rock"",""Yes"",""Rock"",""Epic"",""Energetic"",""Road Trip"",""Upbeat""]",yes::yesshows,yes,yesshows,
3a582f7f-274a-4ee8-afb2-1a1c9fe6b78d,e0d28c90-b910-46e8-abed-ae32ba4fa977,Living In The Past,Jethro Tull,1972,"[""Progressive Rock"",""Classic Rock"",""Rock"",""Jethro Tull"",""70s""]",Chrysalis,2CH 1035,LP,33⅓ RPM,"12""",Very Good (VG),,,,https://i.discogs.com/-kv6Uams-MJ61Zg0WfhTfwtQHZa1HomyOUOn_MhWVEs/rs:fit/g:sm/q:90/h:597/w:600/czM6Ly9kaXNjb2dz/LWRhdGFiYXNlLWlt/YWdlcy9SLTYzODIw/OS0xNTg4OTYyMzgz/LTM4MDMuanBlZw.jpeg,discogs-search,,,638209,,,,0,,2025-09-01 21:24:27.967008+00,2025-10-04 00:03:02.697977+00,"[""Nostalgic"",""Energetic"",""Chill""]","{""reasoning"":""A compilation of Jethro Tull's diverse styles, evoking a sense of nostalgia. Some tracks are energetic, while others are chill."",""timestamp"":""2025-09-13T01:33:06.124Z"",""confidence"":0.8,""suggestedMoods"":[""Nostalgic"",""Energetic"",""Chill""]}",,"[""Progressive Rock"",""Classic Rock"",""Rock"",""Jethro Tull"",""70s"",""Nostalgic"",""Energetic"",""Chill""]",jethro tull::living in the past,jethro tull,living in the past,
3ab18cdb-ddca-412f-824a-75f298db4230,e0d28c90-b910-46e8-abed-ae32ba4fa977,My 21st Century Blues,Raye (3),2023,"[""Electronic"",""Hip Hop"",""Pop""]",Human Re Sources,M21CB22,LP,33⅓ RPM,"12""",Very Good (VG),,,,https://i.discogs.com/r8iohrKQssqrawxKBgCG5Aebe_KW0eoNPdc0XNG7TIg/rs:fit/g:sm/q:90/h:598/w:600/czM6Ly9kaXNjb2dz/LWRhdGFiYXNlLWlt/YWdlcy9SLTI1OTc5/NTc4LTE3NDA4NDc4/NzYtNzI3MS5qcGVn.jpeg,discogs-search,,,25979578,,,,0,,2025-09-01 21:23:58.119255+00,2025-09-21 03:21:19.953595+00,"[""Upbeat"",""Energetic"",""Late Night""]","{""reasoning"":""Modern pop with electronic and hip-hop influences, often upbeat and energetic, suitable for late-night listening."",""timestamp"":""2025-09-13T01:33:06.248Z"",""confidence"":0.8,""suggestedMoods"":[""Upbeat"",""Energetic"",""Late Night""]}",,"[""Electronic"",""Hip Hop"",""Pop"",""Upbeat"",""Energetic"",""Late Night""]",raye 3::my 21st century blues,raye 3,my 21st century blues,
3b069f4e-2f2c-4595-a8b1-b162895f8429,e0d28c90-b910-46e8-abed-ae32ba4fa977,What A Wonderful Thing Is Me!,Tom Adair,1972,[],Disneyland,STER 1349,LP,33⅓ RPM,"12""",Very Good (VG),,,,https://i.discogs.com/v5jSPzSqFo2-mJ0qeBw62i-8rSRf9pmnC3TDr1aNngo/rs:fit/g:sm/q:90/h:594/w:600/czM6Ly9kaXNjb2dz/LWRhdGFiYXNlLWlt/YWdlcy9SLTg0NTIw/MzQtMTU0MzQ1NzY2/OC02Mjg2LmpwZWc.jpeg,discogs-search,,,8452034,,,,0,,2025-09-01 13:36:55.343177+00,2025-09-21 03:21:19.953595+00,"[""Upbeat"",""Comfort"",""Nostalgic""]","{""reasoning"":""Likely children's music with an upbeat and comforting feel, evoking a sense of nostalgia."",""timestamp"":""2025-09-13T01:33:07.472Z"",""confidence"":0.8,""suggestedMoods"":[""Upbeat"",""Comfort"",""Nostalgic""]}",,"[""Upbeat"",""Comfort"",""Nostalgic""]",tom adair::what a wonderful thing is me,tom adair,what a wonderful thing is me,
3fcbcdc8-36ed-41f9-84c6-9fbe985e6932,e0d28c90-b910-46e8-abed-ae32ba4fa977,The Crazy World Of Arthur Brown,The Crazy World Of Arthur Brown,1968,"[""Psychedelic Rock"",""Psychedelic"",""Progressive Rock"",""Have On Vinyl"",""Favourite Albums Of All Time"",""Rock""]",Track Record,SD 8198,LP,33⅓ RPM,"12""",Very Good (VG),,,,https://i.discogs.com/8AeN26DnBBLvO2OPnUoRs4ge0yhPSp2h_oUB0Bn6NEo/rs:fit/g:sm/q:90/h:600/w:600/czM6Ly9kaXNjb2dz/LWRhdGFiYXNlLWlt/YWdlcy9SLTQ0Njgy/MC0xMjk3OTg4NjU3/LmpwZWc.jpeg,discogs-search,,,446820,,,,0,,2025-09-12 18:57:35.953078+00,2025-10-04 00:02:32.253182+00,"[""Raw"",""Energetic"",""Late Night""]","{""reasoning"":""Psychedelic and theatrical rock with a raw and energetic sound, perfect for late-night listening."",""timestamp"":""2025-09-13T01:33:03.143Z"",""confidence"":0.8,""suggestedMoods"":[""Raw"",""Energetic"",""Late Night""]}",,"[""Psychedelic Rock"",""Psychedelic"",""Progressive Rock"",""Have On Vinyl"",""Favourite Albums Of All Time"",""Rock"",""Raw"",""Energetic"",""Late Night""]",the crazy world of arthur brown::the crazy world of arthur brown,the crazy world of arthur brown,the crazy world of arthur brown,
3ff875f1-3bd9-45bc-bb6c-c58a1652be1c,e0d28c90-b910-46e8-abed-ae32ba4fa977,The Alien Coast,St. Paul & The Broken Bones,2022,"[""2022"",""Soul"",""Blues"",""American"",""Funk""]","ATO Records, LLC",ATO0590,LP,33⅓ RPM,"12""",Very Good (VG),,,,https://i.discogs.com/NpVnjalWqw5vQOENNuWaQq8pMUmCHKwtRMkIsT7wty0/rs:fit/g:sm/q:90/h:599/w:600/czM6Ly9kaXNjb2dz/LWRhdGFiYXNlLWlt/YWdlcy9SLTIxOTE5/OTU0LTE2NDM0ODA2/OTItOTQ1OC5qcGVn.jpeg,discogs-search,,,21919954,,,,0,,2025-08-31 19:11:46.791402+00,2025-10-04 00:02:37.320066+00,"[""Energetic"",""Raw"",""Late Night""]","{""reasoning"":""St. Paul & The Broken Bones are known for their energetic performances and soulful sound. The title 'The Alien Coast' suggests a raw and possibly darker, late-night vibe."",""timestamp"":""2025-09-13T17:54:22.762Z"",""confidence"":0.8,""suggestedMoods"":[""Energetic"",""Raw"",""Late Night""]}",,"[""2022"",""Soul"",""Blues"",""American"",""Funk"",""Energetic"",""Raw"",""Late Night""]",st paul  the broken bones::the alien coast,st paul  the broken bones,the alien coast,
45dd64fb-8b66-4f9b-bc65-faf04fe7d36d,e0d28c90-b910-46e8-abed-ae32ba4fa977,Aqualung,Jethro Tull,1971,"[""Progressive Rock"",""Classic Rock"",""Rock"",""70s"",""Jethro Tull""]",Chrysalis,ILPS9145,LP,33⅓ RPM,"12""",Very Good (VG),,,,https://i.discogs.com/As3b3NfJRIMQ-1jVn95Q3K7A08qfLAQyWnu06HkbY5Q/rs:fit/g:sm/q:90/h:592/w:600/czM6Ly9kaXNjb2dz/LWRhdGFiYXNlLWlt/YWdlcy9SLTcwODMx/OC0xNTg2NjI0OTU1/LTU0NzcuanBlZw.jpeg,discogs-search,,,708318,,,,0,,2025-09-12 19:03:45.188248+00,2025-10-04 00:03:00.240149+00,"[""Energetic"",""Melancholic"",""Late Night""]","{""reasoning"":""A mix of hard rock energy and introspective, sometimes cynical lyrics. The flute adds a melancholic touch, making it suitable for late-night contemplation."",""timestamp"":""2025-09-13T01:33:00.571Z"",""confidence"":0.8,""suggestedMoods"":[""Energetic"",""Melancholic"",""Late Night""]}",,"[""Progressive Rock"",""Classic Rock"",""Rock"",""70s"",""Jethro Tull"",""Energetic"",""Melancholic"",""Late Night""]",jethro tull::aqualung,jethro tull,aqualung,
483baf05-e033-4bfc-aca1-c61db217876e,e0d28c90-b910-46e8-abed-ae32ba4fa977,Greatest Hits,Sly & The Family Stone,1970,"[""Funk"",""Soul"",""Psychedelic Soul"",""60s"",""70s"",""Rock""]",Epic,KE 30325,LP,33⅓ RPM,"12""",Very Good (VG),,,,https://i.discogs.com/oKnmKCmHXhM7sBwMbOcV6h6pKsYDtQkJ44DDYJI1QCs/rs:fit/g:sm/q:90/h:550/w:550/czM6Ly9kaXNjb2dz/LWRhdGFiYXNlLWlt/YWdlcy9SLTEyMTgx/MTYtMTIwMTQ3ODE4/MC5qcGVn.jpeg,discogs-search,,,1218116,,,,0,,2025-08-31 19:07:08.892772+00,2025-10-04 00:02:39.78782+00,"[""Energetic"",""Upbeat"",""Party""]","{""reasoning"":""Sly & The Family Stone's music is incredibly energetic and upbeat, making it perfect for parties. A greatest hits compilation amplifies these qualities."",""timestamp"":""2025-09-13T17:54:22.506Z"",""confidence"":0.8,""suggestedMoods"":[""Energetic"",""Upbeat"",""Party""]}",,"[""Funk"",""Soul"",""Psychedelic Soul"",""60s"",""70s"",""Rock"",""Energetic"",""Upbeat"",""Party""]",sly  the family stone::greatest hits,sly  the family stone,greatest hits,
4a93f2d3-20cf-4104-a491-98c75f0646a7,e0d28c90-b910-46e8-abed-ae32ba4fa977,Sufficiently Breathless,Captain Beyond,1973,"[""Progressive Rock"",""Rock"",""Classic Rock"",""1973"",""70s""]",Capricorn Records,CP 0115,LP,33⅓ RPM,"12""",Very Good (VG),,,,https://i.discogs.com/X296LPpN71bIR_ED1TDP3k_Sm2qTX7fMj9gbkOtF4NU/rs:fit/g:sm/q:90/h:591/w:600/czM6Ly9kaXNjb2dz/LWRhdGFiYXNlLWlt/YWdlcy9SLTQyNzgx/MDMtMTM2MTA0ODIy/Mi03MDkzLmpwZWc.jpeg,discogs-search,,,4278103,,,,0,,2025-09-12 18:58:56.080661+00,2025-10-04 00:03:32.730772+00,"[""Energetic"",""Road Trip"",""Raw""]","{""reasoning"":""High-energy progressive rock with a raw and powerful sound, suitable for a road trip."",""timestamp"":""2025-09-13T01:33:02.465Z"",""confidence"":0.8,""suggestedMoods"":[""Energetic"",""Road Trip"",""Raw""]}",,"[""Progressive Rock"",""Rock"",""Classic Rock"",""1973"",""70s"",""Energetic"",""Road Trip"",""Raw""]",captain beyond::sufficiently breathless,captain beyond,sufficiently breathless,
58dd5579-c5d4-45a8-95c1-a9025a62619f,e0d28c90-b910-46e8-abed-ae32ba4fa977,Fleetwood Mac,Fleetwood Mac,2022,"[""1975"",""70s"",""Classic Rock"",""Soft Rock"",""Rock""]",Reprise Records,R1 2281,LP,33⅓ RPM,"12""",Very Good (VG),,,,https://i.discogs.com/BahEVQ-I9F1kEZHcrSYaKdROY6rkEZ7pRwm9UqHzu3M/rs:fit/g:sm/q:90/h:590/w:600/czM6Ly9kaXNjb2dz/LWRhdGFiYXNlLWlt/YWdlcy9SLTI0ODI2/MDEwLTE2NjYwMDY2/NjgtODE1MS5qcGVn.jpeg,discogs-search,,,24826010,,,,0,,2025-09-12 18:53:59.235926+00,2025-10-04 00:03:18.529519+00,"[""Chill"",""Nostalgic"",""Comfort""]","{""reasoning"":""Classic soft rock with a chill and nostalgic feel, perfect for comfort listening."",""timestamp"":""2025-09-13T01:33:04.206Z"",""confidence"":0.8,""suggestedMoods"":[""Chill"",""Nostalgic"",""Comfort""]}",,"[""1975"",""70s"",""Classic Rock"",""Soft Rock"",""Rock"",""Chill"",""Nostalgic"",""Comfort""]",fleetwood mac::fleetwood mac,fleetwood mac,fleetwood mac,
5de71ccb-a7b7-4676-ab8f-c6f858ad2fad,e0d28c90-b910-46e8-abed-ae32ba4fa977,The Queen Alone,Carla Thomas,1967,"[""Soul"",""Stax"",""1967"",""Female Vocalists"",""Police And Thieves""]",Stax,S718,LP,33⅓ RPM,"12""",Very Good (VG),,,,https://i.discogs.com/1rucrgXN3Ux-jlX5ixcpoHiX0-xRrCc0G0aer_5N1f4/rs:fit/g:sm/q:90/h:500/w:500/czM6Ly9kaXNjb2dz/LWRhdGFiYXNlLWlt/YWdlcy9SLTE1MTg1/MTQtMTI1NzM4MzU3/Ny5qcGVn.jpeg,discogs-search,,,1518514,,,,0,,2025-09-01 21:24:41.796627+00,2025-10-04 00:03:31.492778+00,"[""Melancholic"",""Comfort"",""Late Night""]","{""reasoning"":""Soulful and emotional, with a melancholic and comforting feel, suitable for late-night listening."",""timestamp"":""2025-09-13T01:33:06.007Z"",""confidence"":0.8,""suggestedMoods"":[""Melancholic"",""Comfort"",""Late Night""]}",,"[""Soul"",""Stax"",""1967"",""Female Vocalists"",""Police And Thieves"",""Melancholic"",""Comfort"",""Late Night""]",carla thomas::the queen alone,carla thomas,the queen alone,
647a11b2-c161-41ba-bce3-5fea7c964245,e0d28c90-b910-46e8-abed-ae32ba4fa977,"The Good, The Bad  And The Ugly - Original Motion Picture Soundtrack",Ennio Morricone,1968,"[""Classical""]",United Artists Records,UAS 5172,LP,33⅓ RPM,"12""",Very Good (VG),,,,https://i.discogs.com/7RzmH_TsyDERuNKJUW0BmS0yXVgaTJEyblDeh5XKvcI/rs:fit/g:sm/q:90/h:573/w:600/czM6Ly9kaXNjb2dz/LWRhdGFiYXNlLWlt/YWdlcy9SLTEzODg4/OTMtMTQxOTI0ODA1/OS02Mjk0LmpwZWc.jpeg,discogs-search,,,1388893,,,,0,,2025-08-31 18:59:19.464243+00,2025-09-21 03:21:19.953595+00,"[""Melancholic"",""Road Trip"",""Raw""]","{""reasoning"":""Morricone's iconic score is often melancholic and evokes vast landscapes, making it suitable for road trips. The raw, untamed sound adds to the atmosphere."",""timestamp"":""2025-09-13T17:54:19.783Z"",""confidence"":0.8,""suggestedMoods"":[""Melancholic"",""Road Trip"",""Raw""]}",,"[""Classical"",""Melancholic"",""Road Trip"",""Raw""]",ennio morricone::the good the bad  and the ugly  original motion picture soundtrack,ennio morricone,the good the bad  and the ugly  original motion picture soundtrack,
70bcb39b-4800-4883-b699-c8661fedb522,e0d28c90-b910-46e8-abed-ae32ba4fa977,Paranoid,Black Sabbath,1971,"[""Heavy Metal"",""Hard Rock"",""Classic Rock"",""Metal"",""Rock""]",Warner Bros. Records,1887,LP,33⅓ RPM,"12""",Very Good (VG),,,,https://i.discogs.com/IfVtDBOu6LeYXX5MvObYjhhaQfMCgNgncxYe0DcZHRU/rs:fit/g:sm/q:90/h:607/w:600/czM6Ly9kaXNjb2dz/LWRhdGFiYXNlLWlt/YWdlcy9SLTM3NDE4/NS0xMzU5NDk5Njky/LTMwNTUuanBlZw.jpeg,discogs-search,,,374185,,,,0,,2025-09-12 18:59:34.434195+00,2025-10-04 00:03:35.235732+00,"[""Raw"",""Melancholic"",""Late Night""]","{""reasoning"":""Dark and heavy, with a raw and melancholic feel. Best suited for late-night listening."",""timestamp"":""2025-09-13T01:33:02.202Z"",""confidence"":0.8,""suggestedMoods"":[""Raw"",""Melancholic"",""Late Night""]}",,"[""Heavy Metal"",""Hard Rock"",""Classic Rock"",""Metal"",""Rock"",""Raw"",""Melancholic"",""Late Night""]",black sabbath::paranoid,black sabbath,paranoid,
71001fe4-c127-441a-b295-846de88d966a,e0d28c90-b910-46e8-abed-ae32ba4fa977,Fantasy,Fantasy (14),1970,"[""Rock""]",Liberty,LST-7643,LP,33⅓ RPM,"12""",Very Good (VG),,,,https://i.discogs.com/TD3mQ6h3Tm4TMY_Sk9ZOMPU6q_vgpEUh6s9Dby8IYNY/rs:fit/g:sm/q:90/h:601/w:600/czM6Ly9kaXNjb2dz/LWRhdGFiYXNlLWlt/YWdlcy9SLTg5ODc1/NDctMTQ3NTAyMDkw/NS0zMDU5LmpwZWc.jpeg,discogs-search,,,8987547,,,,0,,2025-09-12 18:56:14.024018+00,2025-09-21 03:21:19.953595+00,"[""Dreamy"",""Energetic"",""Late Night""]","{""reasoning"":""Progressive rock with a dreamy atmosphere and energetic performances, suitable for late-night listening."",""timestamp"":""2025-09-13T01:33:03.554Z"",""confidence"":0.8,""suggestedMoods"":[""Dreamy"",""Energetic"",""Late Night""]}",,"[""Rock"",""Dreamy"",""Energetic"",""Late Night""]",fantasy 14::fantasy,fantasy 14,fantasy,
77ed1371-b2c2-40a6-8637-470aa664390a,e0d28c90-b910-46e8-abed-ae32ba4fa977,Yesterdays,Yes,1975,"[""Progressive Rock"",""Classic Rock"",""Compilation"",""Yes"",""Symphonic Rock"",""Rock""]",Atlantic,SD 18103,LP,33⅓ RPM,"12""",Very Good (VG),,,,https://i.discogs.com/7Y3XtIC0Cn32ZVaRl-ssPWgX59OXp25BCC3uRXIyiu8/rs:fit/g:sm/q:90/h:602/w:600/czM6Ly9kaXNjb2dz/LWRhdGFiYXNlLWlt/YWdlcy9SLTgwMDU0/OC0xNDQwNDYxODY2/LTE2MzIuanBlZw.jpeg,api-enrichment,,,800548,,,,0,,2025-09-12 19:03:33.125971+00,2025-10-04 00:02:20.96475+00,"[""Nostalgic"",""Dreamy"",""Chill""]","{""reasoning"":""A compilation of early Yes tracks, evoking a sense of nostalgia. The complex arrangements create a dreamy and chill atmosphere."",""timestamp"":""2025-09-13T01:33:00.806Z"",""confidence"":0.8,""suggestedMoods"":[""Nostalgic"",""Dreamy"",""Chill""]}",,"[""Progressive Rock"",""Classic Rock"",""Compilation"",""Yes"",""Symphonic Rock"",""Rock"",""Nostalgic"",""Dreamy"",""Chill""]",yes::yesterdays,yes,yesterdays,
7b962240-7c34-447d-bdb9-153de148a7c2,e0d28c90-b910-46e8-abed-ae32ba4fa977,This Was,Jethro Tull,2014,"[""Blues Rock"",""1968"",""Progressive Rock"",""Blues"",""Classic Rock"",""Rock""]",Chrysalis,0825646307807,LP,33⅓ RPM,"12""",Very Good (VG),,,,https://i.discogs.com/QB9Oc4aBxUUzUDCFniFh56ZGby9tDxwFCjlPWnIN15s/rs:fit/g:sm/q:90/h:599/w:600/czM6Ly9kaXNjb2dz/LWRhdGFiYXNlLWlt/YWdlcy9SLTU3NTk2/NTUtMTQwMTg4OTgw/OC04MzY0LmpwZWc.jpeg,discogs-search,,,5759655,,,,0,,2025-09-12 18:49:37.629078+00,2025-10-04 00:03:01.482942+00,"[""Energetic"",""Raw"",""Nostalgic""]","{""reasoning"":""Early Jethro Tull with a bluesy and raw sound, evoking a sense of nostalgia."",""timestamp"":""2025-09-13T01:33:05.353Z"",""confidence"":0.8,""suggestedMoods"":[""Energetic"",""Raw"",""Nostalgic""]}",,"[""Blues Rock"",""1968"",""Progressive Rock"",""Blues"",""Classic Rock"",""Rock"",""Energetic"",""Raw"",""Nostalgic""]",jethro tull::this was,jethro tull,this was,
7fbb00a4-26cb-43ff-b821-257f56fc4303,e0d28c90-b910-46e8-abed-ae32ba4fa977,Recycled,Nektar,1975,"[""Progressive Rock"",""Concept Album"",""1976"",""Classic Rock"",""Psychedelic"",""Rock""]",Passport Records,PPS-9811,LP,33⅓ RPM,"12""",Very Good (VG),,,,https://i.discogs.com/JRa7lICEU-na3MsBwrSCsmNSdO82Zv3BAlcOD8P5rJc/rs:fit/g:sm/q:90/h:595/w:600/czM6Ly9kaXNjb2dz/LWRhdGFiYXNlLWlt/YWdlcy9SLTk5MTA5/NjYtMTcxNDc0MzIz/Ny0zOTY1LmpwZWc.jpeg,api-enrichment,,,9910966,,,,0,,2025-09-12 19:04:12.188761+00,2025-10-04 00:02:47.580679+00,"[""Energetic"",""Dreamy"",""Road Trip""]","{""reasoning"":""Progressive rock with complex arrangements and psychedelic elements, suitable for energetic listening, dreamy introspection, and long drives."",""timestamp"":""2025-09-13T01:33:00.148Z"",""confidence"":0.8,""suggestedMoods"":[""Energetic"",""Dreamy"",""Road Trip""]}",,"[""Progressive Rock"",""Concept Album"",""1976"",""Classic Rock"",""Psychedelic"",""Rock"",""Energetic"",""Dreamy"",""Road Trip""]",nektar::recycled,nektar,recycled,
814ea8e1-ed19-442d-8127-2361fd2f1a84,e0d28c90-b910-46e8-abed-ae32ba4fa977,Rising,Rainbow,1976,"[""Hard Rock"",""Classic Rock"",""Rock"",""1976"",""Heavy Metal""]",Polydor,2391 224,LP,33⅓ RPM,"12""",Very Good (VG),,,,https://i.discogs.com/fRdZMQdNrQlBTL94VEXrKv7EQh-D6BAYdY4XVoiIZuA/rs:fit/g:sm/q:90/h:590/w:600/czM6Ly9kaXNjb2dz/LWRhdGFiYXNlLWlt/YWdlcy9SLTc2MjQz/Mi0xNTQyNDUzMTAz/LTQxMDMuanBlZw.jpeg,discogs-search,,,762432,,,,0,,2025-08-31 19:00:32.626653+00,2025-10-04 00:02:45.051621+00,"[""Energetic"",""Raw"",""Late Night""]","{""reasoning"":""Rising is a powerful and energetic hard rock album. The raw production and intense atmosphere make it suitable for late-night listening."",""timestamp"":""2025-09-13T17:54:22.259Z"",""confidence"":0.8,""suggestedMoods"":[""Energetic"",""Raw"",""Late Night""]}",,"[""Hard Rock"",""Classic Rock"",""Rock"",""1976"",""Heavy Metal"",""Energetic"",""Raw"",""Late Night""]",rainbow::rising,rainbow,rising,
81ef18ec-7e21-4408-854b-04081952db5d,e0d28c90-b910-46e8-abed-ae32ba4fa977,Silverbird,Mark Lindsay,1970,"[""Garage Rock"",""Pop"",""70s"",""Rock"",""Classic Rock""]",Columbia,C 30111,LP,33⅓ RPM,"12""",Very Good (VG),,,,https://i.discogs.com/h5hZKgZ9Q0cgiM-61bbPlnGH8211F1xZd1a4XrSl7dU/rs:fit/g:sm/q:90/h:543/w:546/czM6Ly9kaXNjb2dz/LWRhdGFiYXNlLWlt/YWdlcy9SLTE1NjI0/NTEtMTI5MTI1NjMx/My5qcGVn.jpeg,discogs-search,,,1562451,,,,0,,2025-08-31 19:07:47.389743+00,2025-10-04 00:02:52.514064+00,"[""Nostalgic"",""Upbeat"",""Road Trip""]","{""reasoning"":""1970s pop/rock often evokes nostalgia. Mark Lindsay's style is generally upbeat, and the album likely has tracks suitable for a road trip."",""timestamp"":""2025-09-13T17:54:21.802Z"",""confidence"":0.8,""suggestedMoods"":[""Nostalgic"",""Upbeat"",""Road Trip""]}",,"[""Garage Rock"",""Pop"",""70s"",""Rock"",""Classic Rock"",""Nostalgic"",""Upbeat"",""Road Trip""]",mark lindsay::silverbird,mark lindsay,silverbird,
83215cf4-f986-4d2d-82d1-f17038dbef53,e0d28c90-b910-46e8-abed-ae32ba4fa977,Bat Out Of Hell,Meat Loaf,1977,"[""Rock"",""Classic Rock"",""Hard Rock"",""1977"",""70s""]",Epic,PE 34974,LP,33⅓ RPM,"12""",Very Good (VG),,,,https://i.discogs.com/InE5TDwyKkVLUvHAvWWoWLdSyTbpWVvqGfh8GY-I3HA/rs:fit/g:sm/q:90/h:600/w:599/czM6Ly9kaXNjb2dz/LWRhdGFiYXNlLWlt/YWdlcy9SLTE3NjUz/NzYtMTMyMzAzNjgw/Ni5wbmc.jpeg,discogs-search,,,1765376,,,,0,,2025-09-12 19:00:45.721929+00,2025-10-04 00:02:50.061533+00,"[""Energetic"",""Road Trip"",""Party""]","{""reasoning"":""Bombastic and theatrical rock, full of energy and perfect for a road trip or a party."",""timestamp"":""2025-09-13T01:33:01.600Z"",""confidence"":0.8,""suggestedMoods"":[""Energetic"",""Road Trip"",""Party""]}",,"[""Rock"",""Classic Rock"",""Hard Rock"",""1977"",""70s"",""Energetic"",""Road Trip"",""Party""]",meat loaf::bat out of hell,meat loaf,bat out of hell,
839eaf45-b8c3-48e3-98f9-c865c1a9296c,e0d28c90-b910-46e8-abed-ae32ba4fa977,Everything You Always Wanted To Hear By Sly Stone But Were Afraid To Ask For,Sly Stone,1976,"[""Rock""]",Epic,AS 264,LP,33⅓ RPM,"12""",Very Good (VG),,,,https://i.discogs.com/eHXXSys5eqqto2rjOIuarr4d13IbpzIaHvNIOrkVV3I/rs:fit/g:sm/q:90/h:441/w:470/czM6Ly9kaXNjb2dz/LWRhdGFiYXNlLWlt/YWdlcy9SLTQ3ODY4/MDQtMTM3NzY0ODAx/NC0xNDE3LmpwZWc.jpeg,discogs-search,,,4786804,,,,0,,2025-09-15 21:42:05.709105+00,2025-09-21 03:21:19.953595+00,[],,,"[""Rock""]",sly stone::everything you always wanted to hear by sly stone but were afraid to ask for,sly stone,everything you always wanted to hear by sly stone but were afraid to ask for,
847d8c02-5c3f-4f9f-81a6-2529ff697bc7,e0d28c90-b910-46e8-abed-ae32ba4fa977,Demons And Wizards,Uriah Heep,1972,"[""Hard Rock"",""Classic Rock"",""Progressive Rock"",""Rock"",""70s""]",Mercury,SRM-1-630,LP,33⅓ RPM,"12""",Very Good (VG),,,,https://i.discogs.com/l77pZEQsGVbwbc2sxBNMdHdTrMy4kvPvlcnqEwFVU_A/rs:fit/g:sm/q:90/h:485/w:500/czM6Ly9kaXNjb2dz/LWRhdGFiYXNlLWlt/YWdlcy9SLTE3NzA4/MjYtMTI1ODQxMDk0/My5qcGVn.jpeg,discogs-search,,,1770826,,,,0,,2025-09-12 18:58:24.669411+00,2025-10-04 00:02:23.572197+00,"[""Dreamy"",""Energetic"",""Late Night""]","{""reasoning"":""Fantasy-themed progressive rock with a dreamy atmosphere and energetic performances, suitable for late-night listening."",""timestamp"":""2025-09-13T01:33:02.735Z"",""confidence"":0.8,""suggestedMoods"":[""Dreamy"",""Energetic"",""Late Night""]}",,"[""Hard Rock"",""Classic Rock"",""Progressive Rock"",""Rock"",""70s"",""Dreamy"",""Energetic"",""Late Night""]",uriah heep::demons and wizards,uriah heep,demons and wizards,
88e8cc63-0413-4f6a-bda3-a86f217627fa,e0d28c90-b910-46e8-abed-ae32ba4fa977,Jolene,Dolly Parton,2019,"[""Country"",""1974"",""Female Vocalists"",""70s"",""Classic Country""]",RCA,19075958961,LP,33⅓ RPM,"12""",Very Good (VG),,,,https://i.discogs.com/uP_k2Vp0PSJNdSdzbcpO9Pd4rhxaVEOWnDmAkuxAjJg/rs:fit/g:sm/q:90/h:594/w:600/czM6Ly9kaXNjb2dz/LWRhdGFiYXNlLWlt/YWdlcy9SLTE0MDI5/ODYyLTE1NjY1MjMw/OTMtMzAwNS5qcGVn.jpeg,discogs-search,,,14029862,,,,0,,2025-09-12 18:53:25.370471+00,2025-10-04 00:03:26.51924+00,"[""Melancholic"",""Nostalgic"",""Comfort""]","{""reasoning"":""Country classic with a melancholic and nostalgic feel, perfect for comfort listening."",""timestamp"":""2025-09-13T01:33:04.331Z"",""confidence"":0.8,""suggestedMoods"":[""Melancholic"",""Nostalgic"",""Comfort""]}",,"[""Country"",""1974"",""Female Vocalists"",""70s"",""Classic Country"",""Melancholic"",""Nostalgic"",""Comfort""]",dolly parton::jolene,dolly parton,jolene,
8b9e4d3d-b228-4718-bf57-c674ea93620e,e0d28c90-b910-46e8-abed-ae32ba4fa977,Seventh Sojourn,The Moody Blues,1972,"[""1972"",""Progressive Rock"",""Classic Rock"",""70s"",""Psychedelic Rock"",""Rock""]",Threshold,THS 7,LP,33⅓ RPM,"12""",Very Good (VG),,,,https://i.discogs.com/SkdH2PuLIh4gVbYB7x8bs7ECUXWVcRUVcBZZDADh8lo/rs:fit/g:sm/q:90/h:600/w:600/czM6Ly9kaXNjb2dz/LWRhdGFiYXNlLWlt/YWdlcy9SLTUwMjAz/NC0xNTI4NjQ1ODIx/LTExNDMuanBlZw.jpeg,discogs-search,,,502034,,,,0,,2025-08-31 19:14:58.002267+00,2025-10-04 00:02:31.015515+00,"[""Dreamy"",""Nostalgic"",""Chill""]","{""reasoning"":""The Moody Blues' symphonic rock style is often dreamy and ethereal. 'Seventh Sojourn' evokes a sense of nostalgia and provides a chill listening experience."",""timestamp"":""2025-09-13T17:54:23.000Z"",""confidence"":0.8,""suggestedMoods"":[""Dreamy"",""Nostalgic"",""Chill""]}",,"[""1972"",""Progressive Rock"",""Classic Rock"",""70s"",""Psychedelic Rock"",""Rock"",""Dreamy"",""Nostalgic"",""Chill""]",the moody blues::seventh sojourn,the moody blues,seventh sojourn,
8cd4e1dc-f72a-4493-82a0-158942babe68,e0d28c90-b910-46e8-abed-ae32ba4fa977,Mirage,Fleetwood Mac,1982,"[""80s"",""Classic Rock"",""Fleetwood Mac"",""1982"",""Rock""]",Warner Bros. Records,9 23607-1,LP,33⅓ RPM,"12""",Very Good (VG),,,,https://i.discogs.com/kGjx8HQZtrtr3yxe7OgsKgMDQ31eoh9Kw9g0S0XA4GY/rs:fit/g:sm/q:90/h:597/w:600/czM6Ly9kaXNjb2dz/LWRhdGFiYXNlLWlt/YWdlcy9SLTg3MzQz/OS0xNDQxNzc4NDkz/LTgwNjUuanBlZw.jpeg,discogs-search,,,873439,,,,0,,2025-09-01 13:33:09.710363+00,2025-10-04 00:03:19.812923+00,"[""Dreamy"",""Nostalgic"",""Chill""]","{""reasoning"":""'Mirage' has a dreamy, ethereal quality. It's also nostalgic for many and provides a chill listening experience."",""timestamp"":""2025-09-13T17:54:20.126Z"",""confidence"":0.8,""suggestedMoods"":[""Dreamy"",""Nostalgic"",""Chill""]}",,"[""80s"",""Classic Rock"",""Fleetwood Mac"",""1982"",""Rock"",""Dreamy"",""Nostalgic"",""Chill""]",fleetwood mac::mirage,fleetwood mac,mirage,
974ac911-5064-4fbc-8f7f-177b104486ff,e0d28c90-b910-46e8-abed-ae32ba4fa977,Led Zeppelin ‎4,Led Zeppelin,1977,"[""Rock""]",Atlantic,0114,LP,33⅓ RPM,"12""",Very Good (VG),,,,https://i.discogs.com/UwraP9LTY6lszlEc4bqmlE-vlBb3c3mt6Iq5-9ObfBg/rs:fit/g:sm/q:90/h:589/w:600/czM6Ly9kaXNjb2dz/LWRhdGFiYXNlLWlt/YWdlcy9SLTQwOTU2/MDktMTQ0Mzc2OTUy/Ni0yNDAyLmpwZWc.jpeg,discogs-search,,,4095609,,,,0,,2025-09-01 21:25:20.224553+00,2025-09-21 03:21:19.953595+00,"[""Raw"",""Energetic"",""Road Trip""]","{""reasoning"":""Blues-infused hard rock with a raw and powerful sound, perfect for a road trip."",""timestamp"":""2025-09-13T01:33:05.859Z"",""confidence"":0.8,""suggestedMoods"":[""Raw"",""Energetic"",""Road Trip""]}",,"[""Rock"",""Raw"",""Energetic"",""Road Trip""]",led zeppelin::led zeppelin 4,led zeppelin,led zeppelin 4,
9b96bfba-3cd2-4262-8372-1b90bafd8def,e0d28c90-b910-46e8-abed-ae32ba4fa977,At Last!,Etta James,2013,"[""Soul"",""Blues"",""Jazz"",""Female Vocalists"",""Etta James""]",WaxTime,771824,LP,33⅓ RPM,"12""",Very Good (VG),,,,https://i.discogs.com/g2RprX7r8hZ5BHtWrrE14jSx642wmjV7a91puUqD8J8/rs:fit/g:sm/q:90/h:600/w:600/czM6Ly9kaXNjb2dz/LWRhdGFiYXNlLWlt/YWdlcy9SLTU0NjY4/ODQtMTY3ODQ5ODkw/MS0xMDEyLmpwZWc.jpeg,discogs-search,,,5466884,,,,0,,2025-09-12 18:49:16.079897+00,2025-10-04 00:03:22.702676+00,"[""Comfort"",""Upbeat"",""Nostalgic""]","{""reasoning"":""Classic blues and soul with a comforting and nostalgic feel. Some tracks are upbeat and joyful."",""timestamp"":""2025-09-13T01:33:05.482Z"",""confidence"":0.8,""suggestedMoods"":[""Comfort"",""Upbeat"",""Nostalgic""]}",,"[""Soul"",""Blues"",""Jazz"",""Female Vocalists"",""Etta James"",""Comfort"",""Upbeat"",""Nostalgic""]",etta james::at last,etta james,at last,
a0cb38aa-9e64-46e3-8228-c9b9a2973cb1,e0d28c90-b910-46e8-abed-ae32ba4fa977,Gimme Some Lovin',The Spencer Davis Group,1967,"[""60s"",""Classic Rock"",""Rock"",""Oldies"",""British Invasion""]",United Artists Records,UAL 3578,LP,33⅓ RPM,"12""",Very Good (VG),,,,https://i.discogs.com/KjaTduhsyHMBd1r2Nf3Rve7kQyCFynMGvtltc7_fz9o/rs:fit/g:sm/q:90/h:600/w:594/czM6Ly9kaXNjb2dz/LWRhdGFiYXNlLWlt/YWdlcy9SLTE0MTgw/NzUtMTM4NTA0NDg3/Ny04NjA3LmpwZWc.jpeg,discogs-search,,,1418075,,,,0,,2025-09-12 18:52:50.763737+00,2025-10-04 00:02:29.79915+00,"[""Energetic"",""Upbeat"",""Party""]","{""reasoning"":""Classic rock with a raw and energetic sound, perfect for a party or an upbeat mood."",""timestamp"":""2025-09-13T01:33:04.604Z"",""confidence"":0.8,""suggestedMoods"":[""Energetic"",""Upbeat"",""Party""]}",,"[""60s"",""Classic Rock"",""Rock"",""Oldies"",""British Invasion"",""Energetic"",""Upbeat"",""Party""]",the spencer davis group::gimme some lovin,the spencer davis group,gimme some lovin,
a3e17fe2-9922-437e-a57a-1f13a368af52,e0d28c90-b910-46e8-abed-ae32ba4fa977,The Magic Of ABBA,ABBA,1980,"[""Pop"",""70s"",""Disco"",""Abba"",""Swedish""]",K-Tel,NU 9510,LP,33⅓ RPM,"12""",Very Good (VG),,,,https://i.discogs.com/2EZFpIg5ltzlh-PrWI-urn5468Ci-Gas00ItzlaBwto/rs:fit/g:sm/q:90/h:452/w:450/czM6Ly9kaXNjb2dz/LWRhdGFiYXNlLWlt/YWdlcy9SLTE0OTk1/NzgtMTI0OTUyMzgw/My5qcGVn.jpeg,discogs-search,,,1499578,,,,0,,2025-08-31 19:06:34.749852+00,2025-10-04 00:03:40.528964+00,"[""Upbeat"",""Nostalgic"",""Party""]","{""reasoning"":""Classic ABBA is undeniably upbeat and perfect for parties. The 'Magic' compilation evokes strong nostalgic feelings for many."",""timestamp"":""2025-09-13T17:54:18.220Z"",""confidence"":0.8,""suggestedMoods"":[""Upbeat"",""Nostalgic"",""Party""]}",,"[""Pop"",""70s"",""Disco"",""Abba"",""Swedish"",""Upbeat"",""Nostalgic"",""Party""]",abba::the magic of abba,abba,the magic of abba,
a607e2cc-0941-44f3-bedf-fc0cdbd609df,e0d28c90-b910-46e8-abed-ae32ba4fa977,Everybody Wants,The Struts,2016,"[""Rock"",""British"",""Czhit"",""2015"",""2016""]",FreeSolo Music,B0024604-01,LP,33⅓ RPM,"12""",Very Good (VG),,,,https://i.discogs.com/IZvx-sIVKoySppo9TNMvR1alqkFcOuWhkqsz4y0_p-w/rs:fit/g:sm/q:90/h:606/w:600/czM6Ly9kaXNjb2dz/LWRhdGFiYXNlLWlt/YWdlcy9SLTg1MTYz/OTMtMTQ5MjMyNjg0/Mi04ODE2LmpwZWc.jpeg,discogs-search,,,8516393,,,,0,,2025-09-12 18:59:45.462483+00,2025-10-04 00:02:28.584974+00,"[""Energetic"",""Upbeat"",""Party""]","{""reasoning"":""Glam rock revival with high energy and catchy tunes, perfect for a party or an upbeat mood."",""timestamp"":""2025-09-13T01:33:02.074Z"",""confidence"":0.8,""suggestedMoods"":[""Energetic"",""Upbeat"",""Party""]}",,"[""Rock"",""British"",""Czhit"",""2015"",""2016"",""Energetic"",""Upbeat"",""Party""]",the struts::everybody wants,the struts,everybody wants,
a8c6548a-97e3-48ed-a357-40d5cfa75a6e,e0d28c90-b910-46e8-abed-ae32ba4fa977,The Rotary Connection,Rotary Connection,1968,"[""Electronic"",""Jazz"",""Rock""]",Cadet Concept,LPS-312,LP,33⅓ RPM,"12""",Very Good (VG),,,,https://i.discogs.com/CroScxGhP3GBLoOdFlqBU9mxBenHD70VJ0x_lXZojOc/rs:fit/g:sm/q:90/h:597/w:600/czM6Ly9kaXNjb2dz/LWRhdGFiYXNlLWlt/YWdlcy9SLTM4OTg5/Ni0xNTkxNTg2NDg5/LTMyNjEuanBlZw.jpeg,discogs-search,,,389896,,,,0,,2025-09-01 13:37:44.009216+00,2025-09-21 03:21:19.953595+00,"[""Dreamy"",""Chill"",""Late Night""]","{""reasoning"":""Psychedelic soul with a dreamy and chill atmosphere, perfect for late-night listening."",""timestamp"":""2025-09-13T01:33:07.065Z"",""confidence"":0.8,""suggestedMoods"":[""Dreamy"",""Chill"",""Late Night""]}",,"[""Electronic"",""Jazz"",""Rock"",""Dreamy"",""Chill"",""Late Night""]",rotary connection::the rotary connection,rotary connection,the rotary connection,
b0a50d0d-8ba4-447a-8804-97c75c140d21,e0d28c90-b910-46e8-abed-ae32ba4fa977,Helen 12 Trees,Charlie Mariano,1976,"[""Jazz"",""Instrumental"",""Jazz Fusion"",""Instrumental Jazz"",""Pure Jazz""]",MPS Records,G-22941,LP,33⅓ RPM,"12""",Very Good (VG),,,,https://i.discogs.com/em-jTJ9hbnxqIVt45h6g1dA1qpvC54Layiupcez8W3M/rs:fit/g:sm/q:90/h:607/w:600/czM6Ly9kaXNjb2dz/LWRhdGFiYXNlLWlt/YWdlcy9SLTIzODI5/NjMtMTc0MzkxODQx/OC02NDI0LmpwZWc.jpeg,api-enrichment,,,2382963,,,,0,,2025-09-12 18:55:42.621199+00,2025-10-04 00:03:30.144765+00,"[""Chill"",""Late Night"",""Dreamy""]","{""reasoning"":""Smooth and atmospheric jazz, perfect for a chill late-night listening session or a dreamy mood."",""timestamp"":""2025-09-13T01:33:03.710Z"",""confidence"":0.8,""suggestedMoods"":[""Chill"",""Late Night"",""Dreamy""]}",,"[""Jazz"",""Instrumental"",""Jazz Fusion"",""Instrumental Jazz"",""Pure Jazz"",""Chill"",""Late Night"",""Dreamy""]",charlie mariano::helen 12 trees,charlie mariano,helen 12 trees,
b126a7f7-73a8-4faf-8b31-d2a9ae5d420e,e0d28c90-b910-46e8-abed-ae32ba4fa977,The Magician's Birthday,Uriah Heep,1972,"[""Progressive Rock"",""Hard Rock"",""Classic Rock"",""70s"",""Rock""]",Mercury,SRM-1-652,LP,33⅓ RPM,"12""",Very Good (VG),,,,https://i.discogs.com/G4SieSsL9UKu-VEfVTnlMkYb0fdoJs83Mjs-8nLOSOc/rs:fit/g:sm/q:90/h:598/w:600/czM6Ly9kaXNjb2dz/LWRhdGFiYXNlLWlt/YWdlcy9SLTE4ODMw/NDEtMTM0OTEzMTI3/OC0zMjM1LmpwZWc.jpeg,discogs-search,,,1883041,,,,0,,2025-09-12 18:58:11.904977+00,2025-10-04 00:02:24.837095+00,"[""Dreamy"",""Energetic"",""Late Night""]","{""reasoning"":""Similar to Demons and Wizards, with fantasy themes and a dreamy, energetic sound."",""timestamp"":""2025-09-13T01:33:02.867Z"",""confidence"":0.8,""suggestedMoods"":[""Dreamy"",""Energetic"",""Late Night""]}",,"[""Progressive Rock"",""Hard Rock"",""Classic Rock"",""70s"",""Rock"",""Dreamy"",""Energetic"",""Late Night""]",uriah heep::the magicians birthday,uriah heep,the magicians birthday,
bff6fd42-fd3e-4582-8e96-9b812383f2af,e0d28c90-b910-46e8-abed-ae32ba4fa977,The Last Of The Blue Devils,Jay McShann,1978,"[""Blues"",""Jazz"",""Swing"",""Fun"",""Piano Jazz""]",Atlantic,SD 8800,LP,33⅓ RPM,"12""",Very Good (VG),,,,https://i.discogs.com/d5PW4GKRQ8950GJZ3PXU4Kgkg05W2UbJ4s-t2qBimBA/rs:fit/g:sm/q:90/h:600/w:600/czM6Ly9kaXNjb2dz/LWRhdGFiYXNlLWlt/YWdlcy9SLTMxMTI5/NzYtMTMxODA0MDE2/Mi5qcGVn.jpeg,discogs-search,,,3112976,,,,0,,2025-09-01 13:37:26.0801+00,2025-10-04 00:03:08.168658+00,"[""Upbeat"",""Nostalgic"",""Late Night""]","{""reasoning"":""Classic blues and jazz with an upbeat and nostalgic feel, perfect for late-night listening."",""timestamp"":""2025-09-13T01:33:07.190Z"",""confidence"":0.8,""suggestedMoods"":[""Upbeat"",""Nostalgic"",""Late Night""]}",,"[""Blues"",""Jazz"",""Swing"",""Fun"",""Piano Jazz"",""Upbeat"",""Nostalgic"",""Late Night""]",jay mcshann::the last of the blue devils,jay mcshann,the last of the blue devils,
c2ac2356-1ac8-40f6-a95d-64820d051c18,e0d28c90-b910-46e8-abed-ae32ba4fa977,While you were away,Mudcat and the Atlanta horns,,[],,,LP,33⅓ RPM,"12""",Very Good (VG),,,,,manual,,,,,,,0,,2025-09-12 19:01:43.684555+00,2025-09-21 03:21:19.953595+00,"[""Upbeat"",""Energetic"",""Party""]","{""reasoning"":""Likely a bluesy, horn-driven sound, perfect for an upbeat and energetic party atmosphere."",""timestamp"":""2025-09-13T01:33:01.364Z"",""confidence"":0.8,""suggestedMoods"":[""Upbeat"",""Energetic"",""Party""]}",,"[""Upbeat"",""Energetic"",""Party""]",mudcat and the atlanta horns::while you were away,mudcat and the atlanta horns,while you were away,
c39260c5-5178-4a5f-b13f-5c5aee743c57,e0d28c90-b910-46e8-abed-ae32ba4fa977,Believe,Mass Production,1977,"[""House"",""Kss1984 Loved"",""Jazz Funk"",""Disco"",""Soul""]",Atlantic,K 50400,LP,33⅓ RPM,"12""",Very Good (VG),,,,https://i.discogs.com/0SkN6eQfMp3Cke1azZjltF_VB-lor84PnF1-3zvgR-k/rs:fit/g:sm/q:90/h:502/w:500/czM6Ly9kaXNjb2dz/LWRhdGFiYXNlLWlt/YWdlcy9SLTkwODM5/OC0xMzc3Mjc3NTcz/LTYyMjIuanBlZw.jpeg,discogs-search,,,908398,,,,0,,2025-09-20 19:50:19.226189+00,2025-10-04 00:02:51.272166+00,[],,,"[""House"",""Kss1984 Loved"",""Jazz Funk"",""Disco"",""Soul""]",mass production::believe,mass production,believe,
c5158797-1334-47b5-8117-46bc882d16f7,e0d28c90-b910-46e8-abed-ae32ba4fa977,Benefit,Jethro Tull,1970,"[""Progressive Rock"",""Classic Rock"",""1970"",""Rock"",""70s""]",Reprise Records,RS 6400,LP,33⅓ RPM,"12""",Very Good (VG),,,,https://i.discogs.com/8wMh6eWNPTfVTUPALJd0UZ9NytVhoZTuFNt1tOlikYU/rs:fit/g:sm/q:90/h:600/w:600/czM6Ly9kaXNjb2dz/LWRhdGFiYXNlLWlt/YWdlcy9SLTE4NzM4/ODItMTQwMjA3OTA1/Mi0yMDc0LmpwZWc.jpeg,discogs-search,,,1873882,,,,0,,2025-09-01 13:33:36.104253+00,2025-10-04 00:03:03.959474+00,"[""Melancholic"",""Nostalgic"",""Late Night""]","{""reasoning"":""Benefit has a darker, more melancholic tone than some other Jethro Tull albums. It also has a nostalgic feel and is good for late night listening."",""timestamp"":""2025-09-13T17:54:20.725Z"",""confidence"":0.8,""suggestedMoods"":[""Melancholic"",""Nostalgic"",""Late Night""]}",,"[""Progressive Rock"",""Classic Rock"",""1970"",""Rock"",""70s"",""Melancholic"",""Nostalgic"",""Late Night""]",jethro tull::benefit,jethro tull,benefit,
c59c8257-ab1e-4bde-a3ed-bd821447c73b,e0d28c90-b910-46e8-abed-ae32ba4fa977,The Lost Berlin Tapes,Ella Fitzgerald,2020,"[""Jazz"",""Female Vocalists"",""Swing"",""Ella Fitzgerald"",""Vocal Jazz""]",Verve Records,B0032589-01,LP,33⅓ RPM,"12""",Very Good (VG),,,,https://i.discogs.com/QHmVSw-XDvFk3JZl7OgAzt93IIX0V2ymtI_rhOpyd4s/rs:fit/g:sm/q:90/h:600/w:600/czM6Ly9kaXNjb2dz/LWRhdGFiYXNlLWlt/YWdlcy9SLTE2MDAx/NTkyLTE2MDE2NjYw/NzMtMTEwMC5qcGVn.jpeg,discogs-search,,,16001592,,,,0,,2025-09-12 19:01:59.907801+00,2025-10-04 00:03:25.228625+00,"[""Upbeat"",""Nostalgic"",""Late Night""]","{""reasoning"":""Classic Ella Fitzgerald performance. Upbeat and swinging, with a nostalgic feel and perfect for a late-night listening session."",""timestamp"":""2025-09-13T01:33:01.140Z"",""confidence"":0.8,""suggestedMoods"":[""Upbeat"",""Nostalgic"",""Late Night""]}",,"[""Jazz"",""Female Vocalists"",""Swing"",""Ella Fitzgerald"",""Vocal Jazz"",""Upbeat"",""Nostalgic"",""Late Night""]",ella fitzgerald::the lost berlin tapes,ella fitzgerald,the lost berlin tapes,
c5be1240-c02f-47f2-9460-134c908a6b32,e0d28c90-b910-46e8-abed-ae32ba4fa977,Chasing Twisters,Delta Rae,2013,"[""Importado_do_spotify"",""Folk"",""My Top Songs"",""Adoration"",""Interesting"",""Rock""]",Sire Records,none,LP,33⅓ RPM,"12""",Very Good (VG),,,,https://i.discogs.com/UM3Lu0c5ilWlcfmuU1lA5uYK0kRTNgke4PKTDbkng-Y/rs:fit/g:sm/q:90/h:460/w:460/czM6Ly9kaXNjb2dz/LWRhdGFiYXNlLWlt/YWdlcy9SLTU5NTc5/NjUtMTQwNzM2NTYw/Mi03MzI0LmpwZWc.jpeg,discogs-search,,,5957965,,,,0,,2025-09-12 18:51:31.899309+00,2025-10-04 00:03:27.67768+00,"[""Energetic"",""Upbeat"",""Road Trip""]","{""reasoning"":""Americana rock with strong vocals and energetic performances, suitable for a road trip."",""timestamp"":""2025-09-13T01:33:04.880Z"",""confidence"":0.8,""suggestedMoods"":[""Energetic"",""Upbeat"",""Road Trip""]}",,"[""Importado_do_spotify"",""Folk"",""My Top Songs"",""Adoration"",""Interesting"",""Rock"",""Energetic"",""Upbeat"",""Road Trip""]",delta rae::chasing twisters,delta rae,chasing twisters,
c79c0871-1e07-4ac2-8ddb-d28e0d718484,e0d28c90-b910-46e8-abed-ae32ba4fa977,Octopus,Gentle Giant,1973,"[""Progressive Rock"",""70s"",""Classic Rock"",""Art Rock"",""1972"",""Rock""]",Columbia,KC 32022,LP,33⅓ RPM,"12""",Very Good (VG),,,,https://i.discogs.com/kH72nQ5aFj4HCPqMpd8BplqgaeynIxn2b9a0PiEPhcE/rs:fit/g:sm/q:90/h:593/w:600/czM6Ly9kaXNjb2dz/LWRhdGFiYXNlLWlt/YWdlcy9SLTE1MDg3/OTQtMTQwMTg5OTk1/NS00MDQ5LmpwZWc.jpeg,discogs-search,,,1508794,,,,0,,2025-09-12 18:57:58.239719+00,2025-10-04 00:03:14.814525+00,"[""Energetic"",""Dreamy"",""Late Night""]","{""reasoning"":""Complex and intricate progressive rock with a unique sound, suitable for energetic listening and late-night contemplation."",""timestamp"":""2025-09-13T01:33:02.991Z"",""confidence"":0.8,""suggestedMoods"":[""Energetic"",""Dreamy"",""Late Night""]}",,"[""Progressive Rock"",""70s"",""Classic Rock"",""Art Rock"",""1972"",""Rock"",""Energetic"",""Dreamy"",""Late Night""]",gentle giant::octopus,gentle giant,octopus,
c89783e2-9b4d-4e30-917d-0b70bd87e3a3,e0d28c90-b910-46e8-abed-ae32ba4fa977,The Stranger,Billy Joel,1977,"[""Rock"",""Classic Rock"",""1977"",""70s"",""Piano""]",Columbia,JC 34987,LP,33⅓ RPM,"12""",Very Good (VG),,,,https://i.discogs.com/oi49eCmaVseMdfmm9xcBDeuich-TCr_yn2AOU7Ax4AM/rs:fit/g:sm/q:90/h:604/w:600/czM6Ly9kaXNjb2dz/LWRhdGFiYXNlLWlt/YWdlcy9SLTExMDg2/NTAtMTQ0MTI3MTQ2/Ni05ODc0LmpwZWc.jpeg,discogs-search,,,1108650,,,,0,,2025-09-01 13:34:23.239682+00,2025-10-04 00:03:36.507772+00,"[""Nostalgic"",""Melancholic"",""Road Trip""]","{""reasoning"":""Billy Joel's 'The Stranger' has a strong nostalgic feel for many. Some tracks are melancholic, while others are perfect for a road trip."",""timestamp"":""2025-09-13T17:54:19.499Z"",""confidence"":0.8,""suggestedMoods"":[""Nostalgic"",""Melancholic"",""Road Trip""]}",,"[""Rock"",""Classic Rock"",""1977"",""70s"",""Piano"",""Nostalgic"",""Melancholic"",""Road Trip""]",billy joel::the stranger,billy joel,the stranger,
c8c26d25-d34c-4f50-ab7b-9c2731db3c42,e0d28c90-b910-46e8-abed-ae32ba4fa977,Led Zeppelin,Led Zeppelin,2020,"[""Classic Rock"",""Hard Rock"",""Rock"",""Blues Rock"",""Led Zeppelin""]",Atlantic,8122796641,LP,33⅓ RPM,"12""",Very Good (VG),,,,https://i.discogs.com/GlWm3wwaPFeBa78mFMN0-H-kNubJo5jYTs62FdSU_1w/rs:fit/g:sm/q:90/h:597/w:600/czM6Ly9kaXNjb2dz/LWRhdGFiYXNlLWlt/YWdlcy9SLTE5ODg3/Nzc4LTE2MjkxNzM0/NjktNTU1My5qcGVn.jpeg,api-enrichment,,,19887778,,,,0,,2025-09-12 18:52:30.412064+00,2025-10-04 00:02:53.970542+00,"[""Raw"",""Energetic"",""Road Trip""]","{""reasoning"":""Blues-infused hard rock with a raw and powerful sound, perfect for a road trip."",""timestamp"":""2025-09-13T01:33:04.739Z"",""confidence"":0.8,""suggestedMoods"":[""Raw"",""Energetic"",""Road Trip""]}",,"[""Classic Rock"",""Hard Rock"",""Rock"",""Blues Rock"",""Led Zeppelin"",""Raw"",""Energetic"",""Road Trip""]",led zeppelin::led zeppelin,led zeppelin,led zeppelin,
ca3dc552-3ff5-4c30-934f-6f9bb53c4eb3,e0d28c90-b910-46e8-abed-ae32ba4fa977,Down To Earth,Rainbow,1979,"[""Hard Rock"",""Classic Rock"",""1979"",""70s"",""Rock""]",Polydor,POLD 5023,LP,33⅓ RPM,"12""",Very Good (VG),,,,https://i.discogs.com/WxNl6nzFOAiSPpG-3v1DD4FW6NpjrjhRPqsho4au-ZQ/rs:fit/g:sm/q:90/h:598/w:600/czM6Ly9kaXNjb2dz/LWRhdGFiYXNlLWlt/YWdlcy9SLTE0Mjkz/MzItMTM4OTcwODAx/OC0yMDI3LmpwZWc.jpeg,discogs-search,,,1429332,,,,0,,2025-09-01 13:34:55.335254+00,2025-10-04 00:02:43.816289+00,"[""Energetic"",""Upbeat"",""Road Trip""]","{""reasoning"":""Rainbow's hard rock style is energetic and upbeat. The album likely contains tracks that are great for a road trip."",""timestamp"":""2025-09-13T17:54:21.995Z"",""confidence"":0.8,""suggestedMoods"":[""Energetic"",""Upbeat"",""Road Trip""]}",,"[""Hard Rock"",""Classic Rock"",""1979"",""70s"",""Rock"",""Energetic"",""Upbeat"",""Road Trip""]",rainbow::down to earth,rainbow,down to earth,
cbff85bb-57d6-414b-8a00-17244ad6296a,e0d28c90-b910-46e8-abed-ae32ba4fa977,Time And Tide,Greenslade,1975,"[""Progressive Rock"",""1975"",""70s"",""1970s"",""Rock""]",Warner Bros. Records,K 56126,LP,33⅓ RPM,"12""",Very Good (VG),,,,https://i.discogs.com/AZnnb7r3Qz1FuDSnW_a34zpBOk1DMwi5XEmyEInhhM0/rs:fit/g:sm/q:90/h:589/w:600/czM6Ly9kaXNjb2dz/LWRhdGFiYXNlLWlt/YWdlcy9SLTc3MjY5/NC0xNTgzMDkzMzE2/LTYyNjguanBlZw.jpeg,discogs-search,,,772694,,,,0,,2025-09-12 18:57:07.693985+00,2025-10-04 00:03:12.303849+00,"[""Dreamy"",""Chill"",""Late Night""]","{""reasoning"":""Keyboard-driven progressive rock with a dreamy and chill atmosphere, suitable for late-night listening."",""timestamp"":""2025-09-13T01:33:03.287Z"",""confidence"":0.8,""suggestedMoods"":[""Dreamy"",""Chill"",""Late Night""]}",,"[""Progressive Rock"",""1975"",""70s"",""1970s"",""Rock"",""Dreamy"",""Chill"",""Late Night""]",greenslade::time and tide,greenslade,time and tide,
cc11ecab-ad58-4add-91d4-65b123de1df9,e0d28c90-b910-46e8-abed-ae32ba4fa977,Midnight Believer,B.B. King,1978,"[""Jazz"",""Rock"",""Blues""]",ABC Records,AA 1061,LP,33⅓ RPM,"12""",Very Good (VG),,,,https://i.discogs.com/2YDw7LWu_TqB6nmHopouhtO_Ioqn7lZD_4FfAfmMIKQ/rs:fit/g:sm/q:90/h:300/w:300/czM6Ly9kaXNjb2dz/LWRhdGFiYXNlLWlt/YWdlcy9SLTk0MjYw/My0xMzA2ODQ4MDYz/LmpwZWc.jpeg,discogs-search,,,942603,,,,0,,2025-08-30 22:15:55.835066+00,2025-09-21 03:21:19.953595+00,"[""Late Night"",""Melancholic"",""Chill""]","{""reasoning"":""B.B. King's blues style is perfect for late nights. The album's themes often lean towards melancholic reflection, and the overall vibe is chill."",""timestamp"":""2025-09-13T17:54:18.809Z"",""confidence"":0.8,""suggestedMoods"":[""Late Night"",""Melancholic"",""Chill""]}",,"[""Jazz"",""Rock"",""Blues"",""Late Night"",""Melancholic"",""Chill""]",bb king::midnight believer,bb king,midnight believer,
d17a7df3-83d1-4f09-a3ff-53c2e6381e77,e0d28c90-b910-46e8-abed-ae32ba4fa977,Listen To The River,The Collection,2017,"[""Folk"",""Alternative"",""Usa"",""Christian"",""Iron Leg"",""Rock"",""Pop""]",Burnt Toast Vinyl,btv110,LP,33⅓ RPM,"12""",Very Good (VG),,,,https://i.discogs.com/AiqvnfdCMqUWVhV1Gb9pmlx8mbC8f1A8y32LPzCx3bc/rs:fit/g:sm/q:90/h:600/w:600/czM6Ly9kaXNjb2dz/LWRhdGFiYXNlLWlt/YWdlcy9SLTExMTYz/MzYyLTE2NzYzMjYz/MjUtODE3My5qcGVn.jpeg,discogs-search,,,11163362,,,,0,,2025-09-01 17:18:42.977225+00,2025-10-04 00:02:34.754768+00,"[""Dreamy"",""Chill"",""Melancholic""]","{""reasoning"":""Indie rock with a dreamy and chill atmosphere, often with a melancholic undertone."",""timestamp"":""2025-09-13T01:33:06.549Z"",""confidence"":0.8,""suggestedMoods"":[""Dreamy"",""Chill"",""Melancholic""]}",,"[""Folk"",""Alternative"",""Usa"",""Christian"",""Iron Leg"",""Rock"",""Pop"",""Dreamy"",""Chill"",""Melancholic""]",the collection::listen to the river,the collection,listen to the river,
de893b6e-82f9-4895-881f-98619523d243,e0d28c90-b910-46e8-abed-ae32ba4fa977,Warriors,Lin Manuel Miranda & Eisa Davis,2024,"[""Hip Hop"",""Rock""]",Atlantic,075678604485,LP,33⅓ RPM,"12""",Very Good (VG),,,,https://i.discogs.com/Knm4qwIb6bMDnhsLs4WADV3kUa4fAYZmMk7IV8jqebg/rs:fit/g:sm/q:90/h:600/w:600/czM6Ly9kaXNjb2dz/LWRhdGFiYXNlLWlt/YWdlcy9SLTMyMDY2/ODgwLTE3Mjk1MzE2/MDMtMTA2Ny5qcGVn.jpeg,discogs-search,,,32066880,,,,0,,2025-10-04 01:50:02.522205+00,2025-10-04 01:50:02.522205+00,[],,,"[""Hip Hop"",""Rock""]",lin manuel miranda  eisa davis::warriors,lin manuel miranda  eisa davis,warriors,
e17d3e70-1187-48aa-835e-1a6ab1cfc312,e0d28c90-b910-46e8-abed-ae32ba4fa977,Workin' Together,Ike & Tina Turner,1971,"[""70s"",""Soul"",""Rhythm And Blues"",""7soul"",""Oldies""]",Liberty,LBS 83 455 I,LP,33⅓ RPM,"12""",Very Good (VG),,,,https://i.discogs.com/jcJ5fICWwoQDGDgpcxHWsktlIUEFTBjlyeWmJjlgMW8/rs:fit/g:sm/q:90/h:595/w:600/czM6Ly9kaXNjb2dz/LWRhdGFiYXNlLWlt/YWdlcy9SLTIzOTgz/NjMtMTY1NjY5NzE3/OS0zNzE4LmpwZWc.jpeg,api-enrichment,,,2398363,,,,0,,2025-08-31 19:09:05.822089+00,2025-10-04 00:03:09.717341+00,"[""Energetic"",""Upbeat"",""Raw""]","{""reasoning"":""Ike & Tina Turner's music is incredibly energetic and upbeat. Their raw, powerful performances are a defining characteristic."",""timestamp"":""2025-09-13T17:54:20.437Z"",""confidence"":0.8,""suggestedMoods"":[""Energetic"",""Upbeat"",""Raw""]}",,"[""70s"",""Soul"",""Rhythm And Blues"",""7soul"",""Oldies"",""Energetic"",""Upbeat"",""Raw""]",ike  tina turner::workin together,ike  tina turner,workin together,
e8859431-0cc7-4815-bb2c-ad61c753e7e5,e0d28c90-b910-46e8-abed-ae32ba4fa977,Switch,Golden Earring,1975,"[""Classic Rock"",""Good Beat"",""Hard Rock"",""Progressive Rock"",""Solos Increibles"",""Rock""]",Polydor,2344 046,LP,33⅓ RPM,"12""",Very Good (VG),,,,https://i.discogs.com/XXeuzWwEiWdd5AQURR97m1fyhK58PPEMdxvtVtHjILo/rs:fit/g:sm/q:90/h:599/w:600/czM6Ly9kaXNjb2dz/LWRhdGFiYXNlLWlt/YWdlcy9SLTYyNDk3/MS0xNDM3ODM1NzQ0/LTYxMTYuanBlZw.jpeg,discogs-search,,,624971,,,,0,,2025-09-12 18:54:45.074936+00,2025-10-04 00:03:13.52303+00,"[""Energetic"",""Road Trip"",""Raw""]","{""reasoning"":""Hard rock with a raw and energetic sound, suitable for a road trip."",""timestamp"":""2025-09-13T01:33:03.849Z"",""confidence"":0.8,""suggestedMoods"":[""Energetic"",""Road Trip"",""Raw""]}",,"[""Classic Rock"",""Good Beat"",""Hard Rock"",""Progressive Rock"",""Solos Increibles"",""Rock"",""Energetic"",""Road Trip"",""Raw""]",golden earring::switch,golden earring,switch,
ebbf93aa-e63e-49f8-b479-dc964ddb8bc6,e0d28c90-b910-46e8-abed-ae32ba4fa977,Caress Of Steel,Rush,1975,"[""Progressive Rock"",""Hard Rock"",""Rock"",""70s"",""Classic Rock""]",Mercury,SRM-1-1046,LP,33⅓ RPM,"12""",Very Good (VG),,,,https://i.discogs.com/PNyFPRNHVKBJOfw-W-rCSMElR0ccZs6vRfPDTz2_UYo/rs:fit/g:sm/q:90/h:600/w:600/czM6Ly9kaXNjb2dz/LWRhdGFiYXNlLWlt/YWdlcy9SLTE2NTI3/OTMtMTMxMjI5NTUx/My5qcGVn.jpeg,discogs-search,,,1652793,,,,0,,2025-09-01 13:38:05.831026+00,2025-10-04 00:02:42.601133+00,"[""Dreamy"",""Energetic"",""Late Night""]","{""reasoning"":""Early Rush with progressive elements and a dreamy atmosphere, suitable for energetic listening and late-night contemplation."",""timestamp"":""2025-09-13T01:33:06.938Z"",""confidence"":0.8,""suggestedMoods"":[""Dreamy"",""Energetic"",""Late Night""]}",,"[""Progressive Rock"",""Hard Rock"",""Rock"",""70s"",""Classic Rock"",""Dreamy"",""Energetic"",""Late Night""]",rush::caress of steel,rush,caress of steel,
f00bad6d-083d-4603-87c5-b4ae164e25cc,e0d28c90-b910-46e8-abed-ae32ba4fa977,Songs From The Wood,Jethro Tull,1977,"[""Progressive Rock"",""Folk Rock"",""70s"",""Rock"",""Classic Rock""]",Chrysalis,CHR 1132,LP,33⅓ RPM,"12""",Very Good (VG),,,,https://i.discogs.com/kEMenezVwB-H5Avj-ViwfMmCCwQGqbYN49wb2BC7p9o/rs:fit/g:sm/q:90/h:600/w:600/czM6Ly9kaXNjb2dz/LWRhdGFiYXNlLWlt/YWdlcy9SLTkwODk1/NS0xMzY3NzkwOTY2/LTk4MTUuanBlZw.jpeg,discogs-search,,,908955,,,,0,,2025-08-30 20:29:53.802321+00,2025-10-04 00:03:06.920213+00,"[""Nostalgic"",""Dreamy"",""Sunday Morning""]","{""reasoning"":""This album has a strong folk influence, creating a nostalgic and dreamy atmosphere. It's perfect for a relaxing Sunday morning."",""timestamp"":""2025-09-13T17:54:20.975Z"",""confidence"":0.8,""suggestedMoods"":[""Nostalgic"",""Dreamy"",""Sunday Morning""]}",,"[""Progressive Rock"",""Folk Rock"",""70s"",""Rock"",""Classic Rock"",""Nostalgic"",""Dreamy"",""Sunday Morning""]",jethro tull::songs from the wood,jethro tull,songs from the wood,
f0cc02bf-5eb5-4abd-b931-9d8bf47d1f15,e0d28c90-b910-46e8-abed-ae32ba4fa977,Stormwatch,Jethro Tull,1979,"[""Progressive Rock"",""70s"",""Rock"",""Folk Rock"",""Progressive Folk""]",Chrysalis,CHR 1238,LP,33⅓ RPM,"12""",Very Good (VG),,,,https://i.discogs.com/HhdVFz4yG8pXRjkqB2KRYmsgVAA1i4a9B8PiOYlIo1s/rs:fit/g:sm/q:90/h:585/w:600/czM6Ly9kaXNjb2dz/LWRhdGFiYXNlLWlt/YWdlcy9SLTEzMjk5/NzItMTU4NjYyNDIx/MC00MjE1LmpwZWc.jpeg,discogs-search,,,1329972,,,,0,,2025-08-30 21:24:08.220917+00,2025-10-04 00:03:05.165233+00,"[""Melancholic"",""Raw"",""Late Night""]","{""reasoning"":""Stormwatch is a darker, more intense album with themes of environmental destruction, leading to a melancholic mood. The raw production and subject matter make it suitable for late-night listening."",""timestamp"":""2025-09-13T17:54:21.288Z"",""confidence"":0.8,""suggestedMoods"":[""Melancholic"",""Raw"",""Late Night""]}",,"[""Progressive Rock"",""70s"",""Rock"",""Folk Rock"",""Progressive Folk"",""Melancholic"",""Raw"",""Late Night""]",jethro tull::stormwatch,jethro tull,stormwatch,
fa8341de-a9ba-40d6-81fe-db53b2aee920,e0d28c90-b910-46e8-abed-ae32ba4fa977,Two Sided Fantasy,Landslide (7),1972,"[""Rock""]",Capitol Records,ST-11006,LP,33⅓ RPM,"12""",Very Good (VG),,,,https://i.discogs.com/tOjnW1nWqAYyZDe2n6e0MPnYTOYWaFQlmaKz72bYDIM/rs:fit/g:sm/q:90/h:604/w:600/czM6Ly9kaXNjb2dz/LWRhdGFiYXNlLWlt/YWdlcy9SLTQ1Mjg5/NTAtMTQyNzAyNDIy/MC03OTA0LmpwZWc.jpeg,discogs-search,,,4528950,,,,0,,2025-09-12 18:54:15.643105+00,2025-09-21 03:21:19.953595+00,"[""Energetic"",""Road Trip"",""Raw""]","{""reasoning"":""Hard rock with a raw and energetic sound, suitable for a road trip."",""timestamp"":""2025-09-13T01:33:04.090Z"",""confidence"":0.8,""suggestedMoods"":[""Energetic"",""Road Trip"",""Raw""]}",,"[""Rock"",""Energetic"",""Road Trip"",""Raw""]",landslide 7::two sided fantasy,landslide 7,two sided fantasy,